route_id,stop_name
9680,501. utca
9560,501. utca
9900,501. utca
9560,509. utca
9680,509. utca
9900,509. utca
9900,513. utca
9560,513. utca
9680,513. utca
9791,Ady Endre út (Kossuth Lajos utca)
9790,Ady Endre út (Kossuth Lajos utca)
9480,Ady Endre út (Kossuth Lajos utca)
9940,Ady Endre utca
9310,Ady Endre utca
9501,Ady Endre utca
9720,Ady Endre utca
9630,Ady Endre utca
9380,Ady Endre utca
9722,Ady Endre utca
9500,Ady Endre utca
9800,Ady Endre utca
9230,Ady Endre utca (Topánka utca)
9660,Ady Endre utca (Topánka utca)
9722,Ajnácskő utca
9720,Ajnácskő utca
9400,Ajnácskő utca
9080,Ajnácskő utca
9410,Ajnácskő utca
9180,Ajtósi Dürer sor
9010,Ajtósi Dürer sor
9501,Alacskai út
9500,Alacskai út
9500,Alacskai úti lakótelep
9501,Alacskai úti lakótelep
9180,Albert Flórián út
9010,Albert Flórián út
9720,Alcsiki dűlő
9722,Alcsiki dűlő
9900,Alsódabas utca
9560,Alsódabas utca
9790,Amerikai út
9070,Amerikai út
9340,Aquincum
9230,Aquincum
9720,Aradi utca
9410,Aradi utca
9722,Aradi utca
9400,Aradi utca
9310,Arany János utca
9500,Arany János utca
9140,Arany János utca
9501,Arany János utca
9430,Aranyhegyi lejtő
9600,Aranyhegyi lejtő
9310,Arenaall bevásárlóközpont
9900,Arenaall bevásárlóközpont
9560,Arenaall bevásárlóközpont
9080,Arenaall bevásárlóközpont
9500,Árpád Kórház
9501,Árpád Kórház
9960,Árpád Kórház
9961,Árpád Kórház
9500,Árpád út
9501,Árpád út
9140,Árpád utca
9500,Árpád utca
9560,Árpád utca
9501,Árpád utca
9500,Árpád üzletház
9501,Árpád üzletház
9960,Árpád üzletház
9961,Árpád üzletház
9140,Árpád üzletház
9791,Astoria
9900,Astoria
9790,Astoria
9500,Astoria
9090,Astoria
9140,Astoria
9310,Astoria
9730,Astoria
9160,Astoria
9070,Astoria
9501,Astoria
9560,Astoria
9080,Astoria
9560,Athenaeum Nyomda
9900,Athenaeum Nyomda
9680,Athenaeum Nyomda
9230,Attila utca
9480,Attila utca
9080,BAH-csomópont
9600,BAH-csomópont
9500,Bajcsy-Zsilinszky út
9790,Bajcsy-Zsilinszky út
9480,Bajcsy-Zsilinszky út
9501,Bajcsy-Zsilinszky út
9640,Bajcsy-Zsilinszky utca
9940,Bajcsy-Zsilinszky utca
9560,Bakancsos utca
9980,Bakancsos utca
9900,Bakancsos utca
9310,Bánki Donát utca
9080,Bánki Donát utca
9560,Bánki Donát utca
9900,Bánki Donát utca
9730,Bánkút utca
9960,Bánkút utca
9961,Bánkút utca
9722,Baross Gábor utca
9720,Baross Gábor utca
9501,Baross utca
9961,Baross utca
9800,Baross utca
9400,Baross utca
9140,Baross utca
9480,Baross utca
9960,Baross utca
9500,Baross utca
9660,Baross utca
9980,Bártfai utca
9010,Bártfai utca
9070,Bártfai utca
9722,Bartók Béla utca
9720,Bartók Béla utca
9310,Báthory utca / Bajcsy-Zsilinszky út
9500,Báthory utca / Bajcsy-Zsilinszky út
9140,Báthory utca / Bajcsy-Zsilinszky út
9501,Báthory utca / Bajcsy-Zsilinszky út
9630,Bátori László utca
9640,Bátori László utca
9560,Bátori László utca
9310,Batthyány utca
9480,Batthyány utca
9990,Batthyány utca
9960,Batthyány utca
9370,Bécsi út / Vörösvári út
9600,Bécsi út / Vörösvári út
9010,Bécsi út / Vörösvári út
9600,Békásmegyer
9230,Békásmegyer
9430,Békásmegyer
9340,Békásmegyer
9501,Béke tér
9140,Béke tér
9500,Béke tér
9960,Beller Imre utca
9961,Beller Imre utca
9140,Besence utca
9800,Besence utca
9990,Besence utca
9500,Beszterce utca
9501,Beszterce utca
9070,Bikás park
9010,Bikás park
9900,Blaha Lujza tér
9560,Blaha Lujza tér
9230,Blaha Lujza tér
9070,Blaha Lujza tér
9730,Blaha Lujza tér
9080,Blaha Lujza tér
9310,Blaha Lujza tér
9800,Bocskai István utca
9940,Bocskai István utca
9230,Bogdáni út
9180,Bogdáni út
9340,Bogdáni út
9600,Bojtár utca (Bécsi út)
9180,Bojtár utca (Bécsi út)
9790,Boráros tér
9791,Boráros tér
9180,Boráros tér
9230,Boráros tér
9900,Borsó utca
9680,Borsó utca
9560,Borsó utca
9070,Bosnyák tér
9790,Bosnyák tér
9960,Bökényföldi út
9080,Bökényföldi út
9961,Bökényföldi út
9220,Budagyöngye
9560,Budagyöngye
9722,"Budaörs, városháza"
9720,"Budaörs, városháza"
9400,"Budaörs, városháza"
9722,Budaörsi lakótelep
9400,Budaörsi lakótelep
9720,Budaörsi lakótelep
9960,Budapesti út
9961,Budapesti út
9310,Budapesti út
9730,Budatétény vasútállomás (Növény utca)
9410,Budatétény vasútállomás (Növény utca)
9630,Bükkfa utca
9560,Bükkfa utca
9960,Centenáriumi lakótelep
9961,Centenáriumi lakótelep
9070,Cházár András utca
9730,Cházár András utca
9920,Cinkota
9080,Cinkota
9980,Cinkotai autóbuszgarázs
9680,Cinkotai autóbuszgarázs
9961,Cinkotai autóbuszgarázs
9920,Cinkotai autóbuszgarázs
9080,Cinkotai autóbuszgarázs
9960,Cinkotai autóbuszgarázs
9180,Ciprus utca
9010,Ciprus utca
9900,Clark Ádám tér
9160,Clark Ádám tér
9790,Corvin-csomópont
9791,Corvin-csomópont
9790,Corvin-negyed
9230,Corvin-negyed
9140,Corvin-negyed
9791,Corvin-negyed
9500,Corvin-negyed
9501,Corvin-negyed
9900,Csaba vezér tér
9560,Csaba vezér tér
9230,Császár-Komjádi uszoda
9600,Császár-Komjádi uszoda
9340,Császár-Komjádi uszoda
9900,Császárfa utca
9560,Császárfa utca
9791,"Csepel, Csillagtelep"
9790,"Csepel, Csillagtelep"
9791,"Csepel, Kossuth Lajos utca"
9790,"Csepel, Kossuth Lajos utca"
9480,"Csepel, Kossuth Lajos utca"
9791,Csepeli híd
9790,Csepeli híd
9720,Csiki csárda
9722,Csiki csárda
9722,Csiki tanya
9720,Csiki tanya
9791,Csikó sétány
9790,Csikó sétány
9430,Csillaghegy
9230,Csillaghegy
9600,Csillaghegy
9791,Csille utca
9790,Csille utca
9961,Csömöri út
9310,Csömöri út
9960,Csömöri út
9501,Damjanich utca
9500,Damjanich utca
9410,Dayka Gábor utca
9720,Dayka Gábor utca
9080,Dayka Gábor utca
9722,Dayka Gábor utca
9400,Dayka Gábor utca
9310,Deák Ferenc tér
9160,Deák Ferenc tér
9791,Deák Ferenc tér
9140,Deák Ferenc tér
9090,Deák Ferenc tér
9790,Deák Ferenc tér
9501,Deák Ferenc tér
9500,Deák Ferenc tér
9900,Deák Ferenc tér
9720,Deák Ferenc utca
9722,Deák Ferenc utca
9990,Dél-pesti autóbuszgarázs
9230,Dél-pesti autóbuszgarázs
9940,Dél-pesti autóbuszgarázs
9800,Dél-pesti autóbuszgarázs
9140,Dél-pesti autóbuszgarázs
9480,Dél-pesti autóbuszgarázs
9600,Déli pályaudvar
9900,Déli pályaudvar
9140,Dembinszky utca
9790,Dembinszky utca
9310,Diófa utca
9960,Diófa utca
9560,Dombhát utca
9680,Dombhát utca
9900,Dombhát utca
9220,Dózsa György tér
9160,Dózsa György tér
9560,Dózsa György tér
9730,Dózsa György út
9500,Dózsa György út
9501,Dózsa György út
9560,Döbrentei tér
9070,Döbrentei tér
9730,Döbrentei tér
9080,Döbrentei tér
9500,Ecseri út
9501,Ecseri út
9140,Ecseri út
9960,EGIS Gyógyszergyár
9961,EGIS Gyógyszergyár
9180,Egressy út /ungária körút
9010,Egressy út /ungária körút
9310,Egyenes utcai lakótelep
9080,Egyenes utcai lakótelep
9900,Élessarok
9560,Élessarok
9090,Élessarok
9660,Előd utca
9230,Előd utca
9080,Erdei bekötőút
9920,Erdei bekötőút
9730,Erdőkerülő utca
9960,Erdőkerülő utca
9961,Erdőkerülő utca
9961,Erdőkerülő utca 27.
9960,Erdőkerülő utca 27.
9730,Erdőkerülő utca 27.
9730,Erdőkerülő utca 28.
9960,Erdőkerülő utca 28.
9961,Erdőkerülő utca 28.
9791,Erdősor utca
9380,Erdősor utca
9790,Erdősor utca
9940,Erdősor utca
9180,"Erzsébet királyné útja, aluljáró"
9730,"Erzsébet királyné útja, aluljáró"
9010,"Erzsébet királyné útja, aluljáró"
9660,Erzsébet utca
9500,Erzsébet utca
9960,Erzsébet utca
9501,Erzsébet utca
9961,Erzsébet utca
9140,Erzsébet utca
9010,Etele út / Fehérvári út
9730,Etele út / Fehérvári út
9900,Fehér úti ipari park
9560,Fehér úti ipari park
9722,Felsőhatár utca
9400,Felsőhatár utca
9720,Felsőhatár utca
9090,Felüljáró
9680,Felüljáró
9090,Felüljáró (Gyömrői út)
9680,Felüljáró (Gyömrői út)
9791,Fémmű utca
9790,Fémmű utca
9730,Ferenciek tere
9560,Ferenciek tere
9070,Ferenciek tere
9080,Ferenciek tere
9010,Ferencváros vá. -álenkij Robot Eh.
9180,Ferencváros vá. -álenkij Robot Eh.
9140,Fiastyúk utca
9500,Fiastyúk utca
9501,Fiastyúk utca
9180,Flórián tér
9340,Flórián tér
9010,Flórián tér
9230,Flórián tér
9501,Forgách utca
9500,Forgách utca
9430,Forrásliget lakópark
9600,Forrásliget lakópark
9790,Fő tér
9730,Fő tér
9961,Fő tér
9960,Fő tér
9501,Fő utca
9140,Fő utca
9500,Fő utca
9790,Fővám tér
9791,Fővám tér
9800,Frangepán utca
9140,Frangepán utca
9961,Futórózsa utca
9960,Futórózsa utca
9340,Galagonya utca
9230,Galagonya utca
9600,Galagonya utca
9990,Garázs utca
9480,Garázs utca
9730,Gárdonyi tér
9070,Gárdonyi tér
9720,Gazdagréti út
9400,Gazdagréti út
9722,Gazdagréti út
9080,Gazdagréti út
9920,Georgina utca
9080,Georgina utca
9080,Gépmadár park
9310,Gépmadár park
9090,Gergely utca (Sibrikiklós út)
9680,Gergely utca (Sibrikiklós út)
9961,Gida utca
9960,Gida utca
9400,Gimnázium
9720,Gimnázium
9722,Gimnázium
9180,Göncz Árpád városközpont
9501,Göncz Árpád városközpont
9010,Göncz Árpád városközpont
9500,Göncz Árpád városközpont
9090,Gőzmozdony utca
9680,Gőzmozdony utca
9080,Gumigyár
9310,Gumigyár
9900,Gumigyár
9560,Gumigyár
9080,Gyakorló köz
9310,Gyakorló köz
9722,Gyár utca
9720,Gyár utca
9501,Gyöngyösi utca
9500,Gyöngyösi utca
9140,Gyöngyösi utca
9980,Gyöngytyúk utca
9680,Gyöngytyúk utca
9961,György utca
9960,György utca
9310,György utca
9230,Haller utca / Soroksári út
9791,Haller utca / Soroksári út
9180,Haller utca / Soroksári út
9790,Haller utca / Soroksári út
9501,Halomi út
9500,Halomi út
9720,Harangláb
9722,Harangláb
9090,Harminckettesek tere
9230,Harminckettesek tere
9500,Határ út
9990,Határ út
9501,Határ út
9660,Határ út
9140,Határ út
9480,Határ utca
9560,Határ utca
9790,Helyi kikötő út
9791,Helyi kikötő út
9090,Hidegkuti Nándor Stadion
9180,Hidegkuti Nándor Stadion
9010,Hidegkuti Nándor Stadion
9900,Hild tér
9160,Hild tér
9480,Hofherr Albert utca
9990,Hofherr Albert utca
9500,Honvéd utca
9501,Honvéd utca
9180,Honvédkórház
9010,Honvédkórház
9010,Hős utca
9180,Hős utca
9790,Hősök tere
9980,Hősök tere
9501,Hubay Jenő tér
9960,Hubay Jenő tér
9961,Hubay Jenő tér
9500,Hubay Jenő tér
9640,Hunyadi János utca
9560,Hunyadi János utca
9480,Hunyadi tér
9990,Hunyadi tér
9961,Hunyadvár utca
9960,Hunyadvár utca
9080,Hunyadvár utca
9560,Huszár utca
9900,Huszár utca
9730,Huszár utca
9070,Huszár utca
9310,Huszár utca
9080,Huszár utca
9560,Hűvösvölgy
9630,Hűvösvölgy
9640,Hűvösvölgy
9720,Ibolya utca
9722,Ibolya utca
9960,Ida utca
9961,Ida utca
9080,Ilonatelep
9920,Ilonatelep
9960,Illyés Gyula utca
9961,Illyés Gyula utca
9960,Injekcióüzem
9961,Injekcióüzem
9990,Ipacsfa utca
9800,Ipacsfa utca
9140,Ipacsfa utca
9501,Iparvasút
9500,Iparvasút
9790,Iskola tér
9791,Iskola tér
9310,János utca
9960,János utca
9340,Jászaiari tér
9230,Jászaiari tér
9310,Jászaiari tér
9720,Jégvirág utca
9400,Jégvirág utca
9080,Jégvirág utca
9730,Jókaiór utca
9722,Jókaiór utca
9720,Jókaiór utca
9480,Jókaiór utca
9160,József nádor tér
9900,József nádor tér
9310,József utca
9960,József utca
9791,Jupiter utca
9790,Jupiter utca
9180,Kacsóh Pongrác út
9010,Kacsóh Pongrác út
9560,Kaffkaargit utca
9080,Kaffkaargit utca
9900,Kaffkaargit utca
9310,Kaffkaargit utca
9140,Kálvin tér
9501,Kálvin tér
9500,Kálvin tér
9791,Kálvin tér
9090,Kálvin tér
9790,Kálvin tér
9380,Karácsony Sándor utca
9790,Karácsony Sándor utca
9791,Karácsony Sándor utca
9480,Karácsony Sándor utca
9080,Karolina út
9720,Karolina út
9410,Karolina út
9180,Karolina út
9400,Karolina út
9070,Karolina út
9722,Károly király utca
9400,Károly király utca
9720,Károly király utca
9230,Kaszásdűlő
9340,Kaszásdűlő
9722,Katona József utca
9720,Katona József utca
9180,Kelenföld vasútállomás
9010,Kelenföld vasútállomás
9070,Kelenföld vasútállomás
9720,Kelenföldi autóbuszgarázs
9410,Kelenföldi autóbuszgarázs
9722,Kelenföldi autóbuszgarázs
9080,Kelenföldi autóbuszgarázs
9400,Kelenföldi autóbuszgarázs
9730,Keleti pályaudvar
9310,Keleti pályaudvar
9070,Keleti pályaudvar
9900,Keleti pályaudvar
9560,Keleti pályaudvar
9080,Keleti pályaudvar
9500,Kemény Zsigmond utca
9501,Kemény Zsigmond utca
9560,Keresztúri út
9900,Keresztúri út
9680,Keresztúri út
9600,Kert sor
9430,Kert sor
9501,Kétújfalu utca
9500,Kétújfalu utca
9560,Kis utca
9900,Kis utca
9680,Kis utca
9340,Kiscelli utca
9230,Kiscelli utca
9720,Kisfaludy utca
9500,Kisfaludy utca
9400,Kisfaludy utca
9501,Kisfaludy utca
9722,Kisfaludy utca
9500,"Kispest, Kossuth tér"
9140,"Kispest, Kossuth tér"
9680,"Kispest, Kossuth tér"
9090,"Kispest, Kossuth tér"
9560,Kisvárda utca
9900,Kisvárda utca
9600,Kolosy tér
9230,Kolosy tér
9340,Kolosy tér
9480,Kossuth Lajos utca
9990,Kossuth Lajos utca
9560,Kossuth Lajos utca
9380,Kossuth Lajos utca
9791,Kossuth Lajos utca
9640,Kossuth Lajos utca
9790,Kossuth Lajos utca
9230,Kossuth Lajos utca
9560,Kossuth Nyomda
9680,Kossuth Nyomda
9900,Kossuth Nyomda
9560,Kossuth tér
9500,Kossuth tér
9501,Kossuth tér
9140,Kossuth tér
9180,Kosztolányi Dezső tér
9720,Kosztolányi Dezső tér
9070,Kosztolányi Dezső tér
9410,Kosztolányi Dezső tér
9080,Kosztolányi Dezső tér
9722,Kosztolányi Dezső tér
9400,Kosztolányi Dezső tér
9900,Kozma utca
9560,Kozma utca
9680,Kozma utca
9090,Kőbánya-Kispest
9680,Kőbánya-Kispest
9180,Kőbányai út / Könyves Kálmán körút
9090,Kőbányai út / Könyves Kálmán körút
9010,Kőbányai út / Könyves Kálmán körút
9790,Kölcsey utca
9640,Kölcsey utca
9791,Kölcsey utca
9560,Kölcsey utca
9791,Kölcsey utca (Erdősor utca)
9790,Kölcsey utca (Erdősor utca)
9400,Kötő utca
9720,Kötő utca
9722,Kötő utca
9180,Közvágóhíd
9790,Közvágóhíd
9010,Közvágóhíd
9230,Közvágóhíd
9791,Közvágóhíd
9640,Községház utca
9560,Községház utca
9180,Kubik utca
9600,Kubik utca
9900,Kucorgó tér
9560,Kucorgó tér
9500,Lajosmizsei sorompó
9501,Lajosmizsei sorompó
9140,Lajosmizsei sorompó
9730,Leányka utcai lakótelep
9410,Leányka utcai lakótelep
9680,Legényrózsa utca
9900,Legényrózsa utca
9560,Legényrózsa utca
9720,Légimentők
9722,Légimentők
9140,Lehel tér
9501,Lehel tér
9500,Lehel tér
9380,Lehel utca
9501,Lehel utca
9140,Lehel utca
9500,Lehel utca
9660,Lehel utca
9180,Lehel utca / Róbert Károly körút
9010,Lehel utca / Róbert Károly körút
9140,Lehel utca / Róbert Károly körút
9720,Lejtő utca
9722,Lejtő utca
9900,Lemberg utca
9560,Lemberg utca
9480,Madarassy László utca
9990,Madarassy László utca
9500,Madarász utca
9501,Madarász utca
9722,Madárhegy
9720,Madárhegy
9400,Madárhegy
9340,Madzsar József utca / Pünkösdfürdő utca
9600,Madzsar József utca / Pünkösdfürdő utca
9900,Maglódi út
9090,Maglódi út
9680,Maglódi út
9560,Maglódi út
9310,"Margit híd, budai hídfő"
9230,"Margit híd, budai hídfő"
9600,"Margit híd, budai hídfő"
9340,"Margit híd, budai hídfő"
9961,Margit utca
9960,Margit utca
9180,Margitsziget / Árpád híd
9010,Margitsziget / Árpád híd
9501,Margó Tivadar utca
9800,Margó Tivadar utca
9500,Margó Tivadar utca
9140,Margó Tivadar utca
9660,Mártírok útja
9480,Mártírok útja
9230,Mártírok útja
9340,Mátyás király út
9230,Mátyás király út
9960,Mátyás király utca
9961,Mátyás király utca
9310,Mátyás király utca
9960,Mátyás király utca 71.
9961,Mátyás király utca 71.
9960,"Mátyásföld, Imre utca"
9961,"Mátyásföld, Imre utca"
9080,"Mátyásföld, Imre utca"
9961,Mátyásföldi tér
9960,Mátyásföldi tér
9600,Mechwart liget
9310,Mechwart liget
9230,Mester utca / Ferenc körút
9791,Mester utca / Ferenc körút
9790,Mester utca / Ferenc körút
9180,Mester utca / Könyves Kálmán körút
9010,Mester utca / Könyves Kálmán körút
9600,Mészkő utca
9430,Mészkő utca
9900,Mezőtárkány utca
9560,Mezőtárkány utca
9640,Mikszáth Kálmán utca
9560,Mikszáth Kálmán utca
9722,Móricz Zsigmond körtér
9080,Móricz Zsigmond körtér
9600,Móricz Zsigmond körtér
9180,Móricz Zsigmond körtér
9410,Móricz Zsigmond körtér
9400,Móricz Zsigmond körtér
9730,Móricz Zsigmond körtér
9720,Móricz Zsigmond körtér
9070,Móricz Zsigmond körtér
9720,Munkácsyihály utca (hősi emlékmű)
9722,Munkácsyihály utca (hősi emlékmű)
9180,Müpa - Nemzeti Színház
9791,Müpa - Nemzeti Színház
9230,Müpa - Nemzeti Színház
9790,Müpa - Nemzeti Színház
9600,Nád utca
9430,Nád utca
9560,Nagyajtai utca
9220,Nagyajtai utca
9310,Nagyicce
9080,Nagyicce
9940,Nagykőrösi út
9230,Nagykőrösi út
9480,Nagykőrösi út
9660,Nagykőrösi út /atár út
9990,Nagykőrösi út /atár út
9660,Nagysándor József utca
9230,Nagysándor József utca
9080,Nagyszeben út
9400,Nagyszeben út
9720,Nagyszeben út
9722,Nagyszeben út
9560,Nagyszentmiklósi út
9900,Nagyszentmiklósi út
9340,Nagyszombat utca
9230,Nagyszombat utca
9080,Nagytarcsai út
9920,Nagytarcsai út
9140,Nagyvárad tér
9500,Nagyvárad tér
9501,Nagyvárad tér
9961,Nebántsvirág utca
9960,Nebántsvirág utca
9180,Népfürdő utca / Árpád híd
9010,Népfürdő utca / Árpád híd
9501,Népliget
9500,Népliget
9140,Népliget
9180,Népliget
9010,Népliget
9720,Nyár utca
9722,Nyár utca
9501,Nyáry Pál utca
9500,Nyáry Pál utca
9140,Nyáry Pál utca
9501,Nyugati pályaudvar
9340,Nyugati pályaudvar
9140,Nyugati pályaudvar
9310,Nyugati pályaudvar
9230,Nyugati pályaudvar
9500,Nyugati pályaudvar
9220,Nyúl utca
9560,Nyúl utca
9230,"Óbuda, Bogdáni út"
9180,"Óbuda, Bogdáni út"
9180,Óbudai autóbuszgarázs
9600,Óbudai autóbuszgarázs
9180,Óbudai temető
9600,Óbudai temető
9230,Oktogon
9790,Oktogon
9961,Olga utca
9960,Olga utca
9961,Opál utca
9960,Opál utca
9900,Orion
9560,Orion
9900,Oroszvár utca
9560,Oroszvár utca
9900,Óvónő utca
9560,Óvónő utca
9310,Őrnagy utca
9560,Őrnagy utca
9900,Őrnagy utca
9080,Őrnagy utca
9070,Örs vezér tere
9560,Örs vezér tere
9310,Örs vezér tere
9900,Örs vezér tere
9080,Örs vezér tere
9722,Őszibarack utca
9720,Őszibarack utca
9480,Papírgyár
9430,Papírgyár
9961,Páskomliget utca
9730,Páskomliget utca
9960,Páskomliget utca
9720,Patkó utca
9400,Patkó utca
9722,Patkó utca
9230,"Pesterzsébet, Baross utca"
9480,"Pesterzsébet, Baross utca"
9660,"Pesterzsébet, városközpont"
9230,"Pesterzsébet, városközpont"
9961,Petőfi tér
9960,Petőfi tér
9900,Pillangó utca
9080,Pillangó utca
9310,Pillangó utca
9560,Pillangó utca
9990,Pincér utca
9480,Pincér utca
9900,Pongrátz Gergely tér
9310,Pongrátz Gergely tér
9070,Pongrátz Gergely tér
9080,Pongrátz Gergely tér
9560,Pongrátz Gergely tér
9400,Poprádi út
9722,Poprádi út
9720,Poprádi út
9791,Posztó utca
9790,Posztó utca
9501,Pöttyös utca
9990,Pöttyös utca
9140,Pöttyös utca
9500,Pöttyös utca
9010,Puskás Ferenc Stadion
9560,Puskás Ferenc Stadion
9180,Puskás Ferenc Stadion
9080,Puskás Ferenc Stadion
9310,Puskás Ferenc Stadion
9900,Puskás Ferenc Stadion
9600,Pünkösdfürdő utca
9430,Pünkösdfürdő utca
9230,Pünkösdfürdő utca
9800,Rákóczi Ferenc utca
9940,Rákóczi Ferenc utca
9480,Rákóczi tér
9230,Rákóczi tér
9960,Rákóczi út
9410,Rákóczi út
9961,Rákos úti szakrendelő
9960,Rákos úti szakrendelő
9900,Rákos vasútállomás
9560,Rákos vasútállomás
9080,Rákosfalva
9310,Rákosfalva
9961,Rákosi út
9960,Rákosi út
9310,Rákosi út
9560,"Rákoskeresztúr, városközpont"
9900,"Rákoskeresztúr, városközpont"
9980,"Rákoskeresztúr, városközpont"
9800,"Rákoskeresztúr, városközpont"
9500,"Rákospalota, Kossuth utca"
9501,"Rákospalota, Kossuth utca"
9960,Rákospalotai határút
9961,Rákospalotai határút
9961,"Rákosszentmihály, Csömöri út"
9960,"Rákosszentmihály, Csömöri út"
9230,Raktár utca
9340,Raktár utca
9010,Raktár utca
9180,Raktár utca
9560,Regélő utca
9900,Regélő utca
9730,Reiner Frigyes park
9070,Reiner Frigyes park
9680,Rétsár utca
9980,Rétsár utca
9680,Rézvirág utca
9560,Rézvirág utca
9900,Rézvirág utca
9340,Római tér
9230,Római tér
9310,Róna utca
9080,Róna utca
9900,Róna utca
9560,Róna utca
9730,Rudas Gyógyfürdő
9070,Rudas Gyógyfürdő
9400,Rupphegyi út
9722,Rupphegyi út
9720,Rupphegyi út
9560,Sági utca
9900,Sági utca
9961,Sárfű utca
9960,Sárfű utca
9730,Sárfű utca
9080,Sarkantyú utca
9310,Sarkantyú utca
9080,Sasadi út
9722,Sasadi út
9720,Sasadi út
9400,Sasadi út
9410,Sasadi út
9960,Sasvár utca
9961,Sasvár utca
9310,Sasvár utca
9730,Savoyai Jenő tér
9410,Savoyai Jenő tér
9501,Semmelweis Klinikák
9140,Semmelweis Klinikák
9500,Semmelweis Klinikák
9090,Sibrikiklós út
9680,Sibrikiklós út
9920,Simongát utca
9080,Simongát utca
9090,Simonyi Zsigmond utca
9680,Simonyi Zsigmond utca
9640,Solymári elágazás
9560,Solymári elágazás
9680,Sós utca
9090,Sós utca
9560,Sörgyár
9900,Sörgyár
9090,Sörgyár
9070,Stefánia út / Thököly út
9730,Stefánia út / Thököly út
9790,Stefánia út / Thököly út
9790,Szabadkikötő
9791,Szabadkikötő
9900,Szabadság sugárút
9560,Szabadság sugárút
9790,Szabadság utca
9800,Szabadság utca
9730,Szabadság utca
9791,Szabadság utca
9560,Szárny utca
9900,Szárny utca
9501,Szarvas csárda tér
9800,Szarvas csárda tér
9500,Szarvas csárda tér
9500,Száva kocsiszín
9501,Száva kocsiszín
9990,Száva kocsiszín
9140,Száva kocsiszín
9160,Széchenyi István tér
9900,Széchenyi István tér
9790,Széchenyi István utca
9791,Széchenyi István utca
9940,Széchenyi István utca
9380,Széchenyi István utca
9480,Széchenyi István utca
9720,Széchenyi tér
9722,Széchenyi tér
9500,Széchenyi tér
9961,Széchenyi út
9960,Széchenyi út
9560,Széchenyi utca
9630,Széchenyi utca
9800,Széchenyi utca
9900,Széll Kálmán tér
9600,Széll Kálmán tér
9560,Széll Kálmán tér
9220,Széll Kálmán tér
9160,Széll Kálmán tér
9600,Széna tér
9900,Széna tér
9140,Szenes Iván tér
9500,Szenes Iván tér
9230,Szent Erzsébet tér
9660,Szent Erzsébet tér
9070,Szent Gellért tér -űegyetem
9730,Szent Gellért tér -űegyetem
9791,Szent Imre tér
9790,Szent Imre tér
9480,Szent Imre tér
9310,Szent István Bazilika
9140,Szent István Bazilika
9501,Szent István Bazilika
9500,Szent István Bazilika
9790,Szent István út
9380,Szent István út
9791,Szent István út
9940,Szent István utca
9660,Szent István utca
9560,Szent János Kórház
9220,Szent János Kórház
9980,Szent kereszt tér
9900,Szent kereszt tér
9560,Szent kereszt tér
9961,Szent Korona utca
9960,Szent Korona utca
9310,Szent Korona utca
9960,Szent Korona útja
9961,Szent Korona útja
9090,Szent László tér
9140,Szent László tér
9410,Szent László utca
9230,Szent László utca
9790,Szent László utcai lakótelep
9791,Szent László utcai lakótelep
9180,Szentlélek tér
9010,Szentlélek tér
9961,Szentmihályi út
9960,Szentmihályi út
9730,Szerencs utca
9961,Szerencs utca
9960,Szerencs utca
9380,Tamási Áron utca
9900,Tamási Áron utca
9900,Tápióbicske utca
9560,Tápióbicske utca
9900,Tárna utca
9560,Tárna utca
9660,Tátra tér
9230,Tátra tér
9090,Tavas utca
9680,Tavas utca
9790,Technikus utca
9791,Technikus utca
9900,Téglavető utca
9090,Téglavető utca
9560,Téglavető utca
9722,Templom tér
9640,Templom tér
9400,Templom tér
9720,Templom tér
9560,Templom utca (Kultúrkúria)
9640,Templom utca (Kultúrkúria)
9560,Terebesi utca
9900,Terebesi utca
9720,Tetra Pak
9722,Tetra Pak
9080,Thököly út
9500,Thököly út
9310,Thököly út
9501,Thököly út
9080,Tihamér utca
9900,Tihamér utca
9310,Tihamér utca
9560,Tihamér utca
9230,Tímár utca
9340,Tímár utca
9501,Tinódi utca
9500,Tinódi utca
9660,Tinódi utca
9140,Tinódi utca
9790,Tisza István tér
9070,Tisza István tér
9410,Tóth József utca
9730,Tóth József utca
9722,Törökbálint vasútállomás
9720,Törökbálint vasútállomás
9500,Törvény utca
9501,Törvény utca
9722,Tulipán utca
9400,Tulipán utca
9720,Tulipán utca
9180,Újbuda-központ
9730,Újbuda-központ
9680,Újhegyi sétány
9090,Újhegyi sétány
9960,Újpest-központ
9140,Újpest-központ
9961,Újpest-központ
9501,Újpest-központ
9300,Újpest-központ
9500,Újpest-központ
9501,Újpest-városkapu
9500,Újpest-városkapu
9960,Újszász utca
9961,Újszász utca
9080,Újszász utca
9501,Ungvár utca
9500,Ungvár utca
9160,Uránia
9900,Uránia
9080,Uránia
9560,Uránia
9310,Uránia
9730,Uránia
9070,Uránia
9600,Ürömhegyi lejtő
9430,Ürömhegyi lejtő
9010,Vágány utca / Róbert Károly körút
9180,Vágány utca / Róbert Károly körút
9730,Vágóhíd utca
9660,Vágóhíd utca
9230,Vágóhíd utca
9010,Vajda Péter utca
9180,Vajda Péter utca
9310,Várna utca
9560,Várna utca
9080,Várna utca
9900,Várna utca
9730,Városház tér
9410,Városház tér
9560,Városmajor
9220,Városmajor
9480,Vas Gereben utca
9380,Vas Gereben utca
9990,Vas Gereben utca
9960,Vásárcsarnok
9730,Vásárcsarnok
9961,Vásárcsarnok
9790,Vásárcsarnok
9501,Vásáros tér
9500,Vásáros tér
9722,Vasút utca
9720,Vasút utca
9400,Vasút utca
9961,Vasutastelep utca
9960,Vasutastelep utca
9730,Vasutastelep utca
9560,Vecsey Ferenc utca
9900,Vecsey Ferenc utca
9310,Veres Péter út
9960,Veres Péter út
9961,Veres Péter út
9080,Veres Péter út
9980,Vidor utca
9680,Vidor utca
9010,Vihar utca
9410,Vihar utca
9501,Villanytelep
9500,Villanytelep
9140,Villanytelep
9500,Víztorony
9961,Víztorony
9501,Víztorony
9960,Víztorony
9790,Völgy utca
9380,Völgy utca
9791,Völgy utca
9800,Vörösmarty utca
9480,Vörösmarty utca
9790,Vörösmarty utca
9961,Wesselényi utca
9730,Wesselényi utca
9230,Wesselényi utca
9960,Wesselényi utca
9230,Záhony utca
9340,Záhony utca
9720,Zrínyi utca
9722,Zrínyi utca
9180,Zugló vasútállomás
9070,Zugló vasútállomás
9010,Zugló vasútállomás
9790,Zugló vasútállomás
9730,Zugló vasútállomás
9961,Zsemlékes út
9960,Zsemlékes út
9340,Zsigmond tér
9600,Zsigmond tér
9230,Zsigmond tér
9790,Zsil utca
9791,Zsil utca
9961,Zsókavár utca
9960,Zsókavár utca
9730,Zsókavár utca
